CustomerId,CatalogEntryId,score,qty,spend,u_idx,i_idx
047664B9-9379-4532-8C46-000789255C6B,EJ45,3.9663191092261862,1.0,14.9,0,0
06BB393B-3CA3-40D7-AB68-000CB5D609F7,DF78,10.146505025998682,1.0,7680.0,1,1
06BB393B-3CA3-40D7-AB68-000CB5D609F7,PW-CT-17RD,8.801402334583733,1.0,2000.0,1,2
0B7363CD-C08C-4ABD-A3B0-0011FB23D17A,EXL157,3.59698576841553,1.0,9.99,2,3
0C030AE8-DF95-4AB3-A15E-000EB783CD74,50BTL06,9.388966863648875,1.0,3600.0,3,4
0C030AE8-DF95-4AB3-A15E-000EB783CD74,NYXL1149,8.696097345175955,1.0,1800.0,3,5
0C030AE8-DF95-4AB3-A15E-000EB783CD74,PW-FRP,8.10875477931522,1.0,1000.0,3,6
0C030AE8-DF95-4AB3-A15E-000EB783CD74,PWSAL402,9.024445930877619,1.0,2500.0,3,7
0CFA1240-8368-49CE-99C7-000D4F36F07D,EJ17,4.833213344056216,5.0,16.0,4,8
0CFA1240-8368-49CE-99C7-000D4F36F07D,EXL160-5,3.732902848056256,1.0,11.59,4,9
0CFA1240-8368-49CE-99C7-000D4F36F07D,NYXL1046,9.48863636973214,20.0,88.0,4,10
0CFA1240-8368-49CE-99C7-000D4F36F07D,NYXL1149,6.80666248977032,10.0,44.0,4,5
0CFA1240-8368-49CE-99C7-000D4F36F07D,NYXL1356W,6.935739532045462,10.0,50.2,4,11
29D8E92A-9653-47C1-8B24-000376C3B55E,DF86L,4.444046133832542,2.0,19.99,5,12
29D8E92A-9653-47C1-8B24-000376C3B55E,PW-GCB-01,8.896667081526461,1.0,2200.0,5,13
29D8E92A-9653-47C1-8B24-000376C3B55E,PW-SH-01,8.444941546337006,1.0,1400.0,5,14
2B44B34A-A091-451B-A431-00006DF95F52,1XVP4-5,2.8074359097634276,1.0,3.99,6,15
2B44B34A-A091-451B-A431-00006DF95F52,DF160M,3.7055259369907363,1.0,11.25,6,16
2B44B34A-A091-451B-A431-00006DF95F52,PW-PH-01,2.583791230901772,1.0,2.99,6,17
3B516ADC-6C26-45CF-9B60-0007CC5A6578,ATE231274,9.533510708982941,1.0,4160.0,7,18
3B516ADC-6C26-45CF-9B60-0007CC5A6578,DABK,8.444941546337006,1.0,1400.0,7,19
3B516ADC-6C26-45CF-9B60-0007CC5A6578,DF78,10.369622538697623,1.0,9600.0,7,1
3B516ADC-6C26-45CF-9B60-0007CC5A6578,ER-FUSION,8.578383712996715,1.0,1600.0,7,20
3B516ADC-6C26-45CF-9B60-0007CC5A6578,ETB92,10.081975184248867,1.0,7200.0,7,21
3B516ADC-6C26-45CF-9B60-0007CC5A6578,PWPEP1,9.271218539969862,1.0,3200.0,7,22
3B516ADC-6C26-45CF-9B60-0007CC5A6578,R22,8.801402334583733,1.0,2000.0,7,23
3B516ADC-6C26-45CF-9B60-0007CC5A6578,RF12G,10.387321812850125,2.0,8000.0,7,24
3B516ADC-6C26-45CF-9B60-0007CC5A6578,SO-10,8.444941546337006,1.0,1400.0,7,25
3B516ADC-6C26-45CF-9B60-0007CC5A6578,SO-CYM,8.444941546337006,1.0,1400.0,7,26
3B516ADC-6C26-45CF-9B60-0007CC5A6578,SOSETSTD,10.717898598432752,1.0,13600.0,7,27
3B516ADC-6C26-45CF-9B60-0007CC5A6578,TT12DB1,9.58958706681109,1.0,4400.0,7,28
3B516ADC-6C26-45CF-9B60-0007CC5A6578,TT13DB1,9.634028950155468,1.0,4600.0,7,29
3DF15F0B-D844-4719-90BD-0010FB0C6F83,INK24CUSTOMP,5.764244019375446,1.0,94.99,8,30
443B0C06-857E-4C12-BED3-00026A664FE9,EXL117,8.10875477931522,1.0,1000.0,9,31
443B0C06-857E-4C12-BED3-00026A664FE9,EXL140-10P,9.777258845717453,2.0,77.98,9,32
443B0C06-857E-4C12-BED3-00026A664FE9,EXL145,8.10875477931522,1.0,1000.0,9,33
443B0C06-857E-4C12-BED3-00026A664FE9,PW-LNS-01B,8.444941546337006,1.0,1400.0,9,34
4774DA33-9E03-4AF6-898F-0005CAEA47ED,B13HWD,4.755062306379597,1.0,33.99,10,35
4774DA33-9E03-4AF6-898F-0005CAEA47ED,EJ65C,8.10875477931522,1.0,1000.0,10,36
4774DA33-9E03-4AF6-898F-0005CAEA47ED,EJ87C,8.10875477931522,1.0,1000.0,10,37
4774DA33-9E03-4AF6-898F-0005CAEA47ED,EJ88C,8.10875477931522,1.0,1000.0,10,38
4774DA33-9E03-4AF6-898F-0005CAEA47ED,EJ99SC,8.290909822079982,1.0,1200.0,10,39
4774DA33-9E03-4AF6-898F-0005CAEA47ED,EVP47XL,9.024445930877619,1.0,2500.0,10,40
48F2AE6D-A778-47C9-9FAF-00002197463F,EJ18,3.5015845926604623,1.0,8.99,11,41
4CAD35F7-94BA-4FDF-BEA3-0002A1135048,NB1256,8.578383712996715,1.0,1600.0,12,42
504B0BF0-4F62-4470-A63C-0007609B93AE,1DRD1-B2S,6.004970165985425,2.0,98.98,13,43
50AA1963-AF88-4E60-83D8-0011C970AB93,EXL120BT,4.478074230085759,3.0,16.78,14,44
50AA1963-AF88-4E60-83D8-0011C970AB93,PW-CT-12,9.137731775260107,1.0,2800.0,14,45
594C903F-BA84-4F96-92D9-00079D7FC5E8,DRGRD4ACBL,3.59698576841553,1.0,9.99,15,46
594C903F-BA84-4F96-92D9-00079D7FC5E8,ODCE10355,4.726066363708025,1.0,32.99,15,47
5A7DDB93-E873-4B3A-B64B-0011552EE022,PWAT-6R3,10.59274525863144,1.0,12000.0,16,48
6634B568-16E6-42A2-97B1-000E7533221D,DP0002,3.684072969039423,1.0,10.99,17,49
6916EB98-2330-4011-8624-000971E88700,PW-MSASSK-01,5.260270581888349,1.0,56.99,18,50
699766BE-9648-4A47-8BCB-00096202611D,RSF05BSX4M,8.801402334583733,1.0,2000.0,19,51
699C2DCF-390C-48D2-8631-00007A2B0249,EHR310,3.59698576841553,1.0,9.99,20,52
6D53996D-3391-4F8D-9A26-0009992CD23E,A310 1/4M,5.930338525515131,3.0,74.97,21,53
6D53996D-3391-4F8D-9A26-0009992CD23E,A310 1/8M,4.457711848653399,1.0,24.99,21,54
6D53996D-3391-4F8D-9A26-0009992CD23E,A311 1/4M,4.542858783946922,3.0,17.97,21,55
6D53996D-3391-4F8D-9A26-0009992CD23E,A311 1/8M,3.1444805562457194,1.0,5.99,21,56
6D53996D-3391-4F8D-9A26-0009992CD23E,H310 1/2M,4.937431494696102,1.0,40.99,21,57
6D53996D-3391-4F8D-9A26-0009992CD23E,H310 1/4M,6.90570302026865,4.0,163.96,21,58
6D53996D-3391-4F8D-9A26-0009992CD23E,H310 3/4M,4.937431494696102,1.0,40.99,21,59
6D53996D-3391-4F8D-9A26-0009992CD23E,H310W 4/4M,5.242875813846909,1.0,55.99,21,60
6D53996D-3391-4F8D-9A26-0009992CD23E,H311 1/4M,5.017274543501227,4.0,23.96,21,61
6D53996D-3391-4F8D-9A26-0009992CD23E,H311 3/4M,3.1444805562457194,1.0,5.99,21,62
6D53996D-3391-4F8D-9A26-0009992CD23E,H311 4/4M,3.2781907597781834,1.0,6.99,21,63
6D53996D-3391-4F8D-9A26-0009992CD23E,J810 1/8M,4.195232148512309,1.0,18.99,21,64
6D53996D-3391-4F8D-9A26-0009992CD23E,J811 1/8M,2.9900914121273585,1.0,4.99,21,65
6E2BA013-9025-4A3B-8FDB-0006CC55B877,PW-CT-12,9.137731775260107,1.0,2800.0,22,45
74509832-672D-49B6-99ED-0001A4F24EFE,VAS0125G2,4.665423353961427,1.0,30.99,23,66
74509832-672D-49B6-99ED-0001A4F24EFE,VTS0125G2,4.726066363708025,1.0,32.99,23,67
7734D5FB-E4F3-492B-B47C-0009F0D163B4,1CWH4-10B1,3.3961128484835292,1.0,7.99,24,68
7734D5FB-E4F3-492B-B47C-0009F0D163B4,1CWH4-10B7,4.232036180883202,2.0,15.98,24,69
7734D5FB-E4F3-492B-B47C-0009F0D163B4,1CWH4-10B9,3.684072969039423,1.0,10.99,24,70
7734D5FB-E4F3-492B-B47C-0009F0D163B4,EJ10,3.3961128484835292,1.0,7.99,24,71
78448CED-8B2E-4840-AD2C-0012699ED289,50A04,11.33143535717035,3.0,36.480000000000004,25,72
78448CED-8B2E-4840-AD2C-0012699ED289,50A05,3.7710843460290526,1.0,12.08,25,73
78448CED-8B2E-4840-AD2C-0012699ED289,50A12,12.185606442973537,4.0,48.56,25,74
78448CED-8B2E-4840-AD2C-0012699ED289,50A13,8.396339777861293,3.0,36.24,25,75
78448CED-8B2E-4840-AD2C-0012699ED289,50B01,11.733410133373914,9.0,109.43,25,76
78448CED-8B2E-4840-AD2C-0012699ED289,50B06,12.214484543354232,10.0,121.75,25,77
78448CED-8B2E-4840-AD2C-0012699ED289,50BNJ000,6.098532415245647,6.0,48.33,25,78
78448CED-8B2E-4840-AD2C-0012699ED289,50C01,3.7710843460290526,1.0,12.08,25,79
78448CED-8B2E-4840-AD2C-0012699ED289,50C03,4.64415363205247,2.0,24.64,25,80
78448CED-8B2E-4840-AD2C-0012699ED289,50C04,8.414522096944484,3.0,36.480000000000004,25,81
78448CED-8B2E-4840-AD2C-0012699ED289,50E02,4.62525543183224,2.0,24.16,25,82
78448CED-8B2E-4840-AD2C-0012699ED289,50E03,9.26940906388471,4.0,48.8,25,83
78448CED-8B2E-4840-AD2C-0012699ED289,50E08,4.62525543183224,2.0,24.16,25,84
78448CED-8B2E-4840-AD2C-0012699ED289,50E09,12.214484543354232,10.0,121.75,25,85
78448CED-8B2E-4840-AD2C-0012699ED289,50F08,10.342280532288505,6.0,72.95,25,86
78448CED-8B2E-4840-AD2C-0012699ED289,50G00,4.737043277205311,4.0,17.86,25,87
78448CED-8B2E-4840-AD2C-0012699ED289,50H01,4.62525543183224,2.0,24.16,25,88
78448CED-8B2E-4840-AD2C-0012699ED289,50H10,11.41573428395808,8.0,97.59,25,89
78448CED-8B2E-4840-AD2C-0012699ED289,50JS01,12.244958571134951,9.0,135.09,25,90
78448CED-8B2E-4840-AD2C-0012699ED289,50JS03,3.96506045581899,1.0,14.88,25,91
78448CED-8B2E-4840-AD2C-0012699ED289,50JS04,4.8258899942525275,2.0,29.75,25,92
78448CED-8B2E-4840-AD2C-0012699ED289,50JS06,3.96506045581899,1.0,14.88,25,93
78448CED-8B2E-4840-AD2C-0012699ED289,50JS07,3.96506045581899,1.0,14.88,25,94
78448CED-8B2E-4840-AD2C-0012699ED289,ARF7GM,7.962844630259907,10.0,142.0,25,95
78448CED-8B2E-4840-AD2C-0012699ED289,B10G2,9.11762131390134,5.0,41.519999999999996,25,96
78448CED-8B2E-4840-AD2C-0012699ED289,B12G1,4.871468274987372,3.0,25.35,25,97
78448CED-8B2E-4840-AD2C-0012699ED289,B12G2,23.31743926800104,13.0,113.22,25,98
78448CED-8B2E-4840-AD2C-0012699ED289,B12ONX2,7.449387949009418,2.0,22.990000000000002,25,99
78448CED-8B2E-4840-AD2C-0012699ED289,B13G1,12.484813924911123,12.0,111.96000000000001,25,100
78448CED-8B2E-4840-AD2C-0012699ED289,B13G2,15.571911993019404,11.0,101.45,25,101
78448CED-8B2E-4840-AD2C-0012699ED289,B13HDD,5.113930651649394,3.0,32.58,25,102
78448CED-8B2E-4840-AD2C-0012699ED289,B13ONX2,7.577958265683016,2.0,24.65,25,103
78448CED-8B2E-4840-AD2C-0012699ED289,B1420,11.609811630052802,8.0,111.2,25,104
78448CED-8B2E-4840-AD2C-0012699ED289,B14ECSRD,9.314654022484907,4.0,49.96,25,105
78448CED-8B2E-4840-AD2C-0012699ED289,B14G1,15.75073712208463,12.0,117.24000000000001,25,106
78448CED-8B2E-4840-AD2C-0012699ED289,B14G1-B,14.885302512980633,20.0,168.0,25,107
78448CED-8B2E-4840-AD2C-0012699ED289,B14G14,3.5813962734183358,1.0,9.82,25,108
78448CED-8B2E-4840-AD2C-0012699ED289,B14G2,18.820093645343075,18.0,173.28,25,109
78448CED-8B2E-4840-AD2C-0012699ED289,B14HDD,22.785816850125894,17.0,192.19,25,110
78448CED-8B2E-4840-AD2C-0012699ED289,B15G1,3.6731713935695796,1.0,10.86,25,111
78448CED-8B2E-4840-AD2C-0012699ED289,B15G2,4.523245593852951,2.0,21.72,25,112
78448CED-8B2E-4840-AD2C-0012699ED289,B16G1,10.222493773612225,6.0,64.98,25,113
78448CED-8B2E-4840-AD2C-0012699ED289,B16G2,17.121383077600424,13.0,142.11,25,114
78448CED-8B2E-4840-AD2C-0012699ED289,B16ONX2,3.9180005319553786,1.0,14.15,25,115
78448CED-8B2E-4840-AD2C-0012699ED289,B18G2,3.9414849771884475,1.0,14.51,25,116
78448CED-8B2E-4840-AD2C-0012699ED289,BD18EMAD,14.519666193864463,4.0,110.7,25,117
78448CED-8B2E-4840-AD2C-0012699ED289,BD20CT,4.361246712031565,1.0,22.6,25,118
78448CED-8B2E-4840-AD2C-0012699ED289,BD20EMAD,10.031110083724869,3.0,84.9,25,119
78448CED-8B2E-4840-AD2C-0012699ED289,BD20EMAD2,10.031110083724869,3.0,84.9,25,120
78448CED-8B2E-4840-AD2C-0012699ED289,BD20G1CW,8.543533919659977,2.0,41.16,25,121
78448CED-8B2E-4840-AD2C-0012699ED289,BD20G2,8.543533919659977,2.0,41.16,25,122
78448CED-8B2E-4840-AD2C-0012699ED289,BD20GMAD,4.577587516023022,1.0,28.3,25,123
78448CED-8B2E-4840-AD2C-0012699ED289,BD20HB,4.345874931983711,1.0,22.24,25,124
78448CED-8B2E-4840-AD2C-0012699ED289,BD20RGCW,4.498056622742642,1.0,26.06,25,125
78448CED-8B2E-4840-AD2C-0012699ED289,BD22CT,4.4148678034706625,1.0,23.9,25,126
78448CED-8B2E-4840-AD2C-0012699ED289,BD22EMAD,23.19983201799982,10.0,296.70000000000005,25,127
78448CED-8B2E-4840-AD2C-0012699ED289,BD22EMAD2,24.869845401840312,7.0,207.69,25,128
78448CED-8B2E-4840-AD2C-0012699ED289,BD22G1CW,5.197733859026019,2.0,43.6,25,129
78448CED-8B2E-4840-AD2C-0012699ED289,BD22G2,4.326760535960395,1.0,21.8,25,130
78448CED-8B2E-4840-AD2C-0012699ED289,BD22GMAD,10.123280211857075,3.0,89.01,25,131
78448CED-8B2E-4840-AD2C-0012699ED289,BD22HG,4.400304439282766,1.0,23.54,25,132
78448CED-8B2E-4840-AD2C-0012699ED289,BD22RB,26.172564919597946,9.0,259.27,25,133
78448CED-8B2E-4840-AD2C-0012699ED289,BD22RGCW,20.957284533158788,7.0,199.51000000000002,25,134
78448CED-8B2E-4840-AD2C-0012699ED289,BD24EMAD,4.678467017153456,1.0,31.41,25,135
78448CED-8B2E-4840-AD2C-0012699ED289,BD24RB,4.705257051586934,1.0,32.29,25,136
78448CED-8B2E-4840-AD2C-0012699ED289,C-RODS,17.59713436783737,13.0,164.97,25,137
78448CED-8B2E-4840-AD2C-0012699ED289,CB132,6.244200317766478,5.0,68.7,25,138
78448CED-8B2E-4840-AD2C-0012699ED289,CPS1420,4.8989288701554905,2.0,32.08,25,139
78448CED-8B2E-4840-AD2C-0012699ED289,DABK,5.224857896545748,5.0,24.15,25,19
78448CED-8B2E-4840-AD2C-0012699ED289,ECB81,22.88137907897404,21.0,573.86,25,140
78448CED-8B2E-4840-AD2C-0012699ED289,ECB81S,21.192060387010738,16.0,444.01,25,141
78448CED-8B2E-4840-AD2C-0012699ED289,ECG24,47.12430972671895,62.0,717.5,25,142
78448CED-8B2E-4840-AD2C-0012699ED289,ECG25,31.028903482757684,40.0,462.2,25,143
78448CED-8B2E-4840-AD2C-0012699ED289,ECG26,7.7104306966455844,10.0,110.1,25,144
78448CED-8B2E-4840-AD2C-0012699ED289,EFT17,24.74077791395763,36.0,389.98,25,145
78448CED-8B2E-4840-AD2C-0012699ED289,EJ15,54.63855060342104,130.0,614.5,25,146
78448CED-8B2E-4840-AD2C-0012699ED289,EJ16,95.71030730461254,340.0,1588.2,25,147
78448CED-8B2E-4840-AD2C-0012699ED289,EJ17,66.32249817233988,180.0,817.0,25,8
78448CED-8B2E-4840-AD2C-0012699ED289,EJ18,16.33512440267375,30.0,134.7,25,41
78448CED-8B2E-4840-AD2C-0012699ED289,EJ19,16.42666436271294,30.0,139.1,25,148
78448CED-8B2E-4840-AD2C-0012699ED289,EJ21,25.81750639019379,50.0,220.6,25,149
78448CED-8B2E-4840-AD2C-0012699ED289,EJ22,16.2728260036504,30.0,130.5,25,150
78448CED-8B2E-4840-AD2C-0012699ED289,EJ26,52.41592754137848,120.0,556.4,25,151
78448CED-8B2E-4840-AD2C-0012699ED289,EJ33,22.33820220507484,32.0,222.88,25,152
78448CED-8B2E-4840-AD2C-0012699ED289,EJ38,29.6838646595453,60.0,437.8,25,153
78448CED-8B2E-4840-AD2C-0012699ED289,EJ40,36.90605632148697,70.0,501.9,25,154
78448CED-8B2E-4840-AD2C-0012699ED289,EJ41,22.002381384813315,30.0,226.0,25,155
78448CED-8B2E-4840-AD2C-0012699ED289,EJ45,70.99406844233678,220.0,1499.4,25,0
78448CED-8B2E-4840-AD2C-0012699ED289,EJ46,17.070926568993475,30.0,195.60000000000002,25,156
78448CED-8B2E-4840-AD2C-0012699ED289,EJ60,12.810362932973486,20.0,58.3,25,157
78448CED-8B2E-4840-AD2C-0012699ED289,EJ61,15.485996531040723,30.0,86.1,25,158
78448CED-8B2E-4840-AD2C-0012699ED289,EJ67,6.850147601710058,10.0,46.0,25,159
78448CED-8B2E-4840-AD2C-0012699ED289,EJ74,28.757897334831906,60.0,291.6,25,160
78448CED-8B2E-4840-AD2C-0012699ED289,EJ84M,16.41116839878364,17.0,112.02000000000001,25,161
78448CED-8B2E-4840-AD2C-0012699ED289,EPBB170,8.161924741642482,10.0,173.5,25,162
78448CED-8B2E-4840-AD2C-0012699ED289,EPP-AMUP-F1-5A,12.44917639576138,6.0,270.0,25,163
78448CED-8B2E-4840-AD2C-0012699ED289,EPP-AMUP-F2-5A,15.071011419142984,12.0,562.5,25,164
78448CED-8B2E-4840-AD2C-0012699ED289,EPP-AMUP-R3-5A,13.98176932322609,8.0,371.25,25,165
78448CED-8B2E-4840-AD2C-0012699ED289,EPP-AMUP-S1-5A,29.119452122141467,37.0,1710.0,25,166
78448CED-8B2E-4840-AD2C-0012699ED289,EQPAD,10.446592716309631,6.0,77.22,25,167
78448CED-8B2E-4840-AD2C-0012699ED289,EQPAF1,5.358637767243359,5.0,27.75,25,168
78448CED-8B2E-4840-AD2C-0012699ED289,EQPB1,5.104586678466073,5.0,21.3,25,169
78448CED-8B2E-4840-AD2C-0012699ED289,EQPB2,5.104586678466073,5.0,21.3,25,170
78448CED-8B2E-4840-AD2C-0012699ED289,EXL110,80.74981100815297,300.0,1111.0,25,171
78448CED-8B2E-4840-AD2C-0012699ED289,EXL110-7,18.086028170725196,22.0,106.69999999999999,25,172
78448CED-8B2E-4840-AD2C-0012699ED289,EXL115,80.38760543882094,250.0,937.5,25,173
78448CED-8B2E-4840-AD2C-0012699ED289,EXL116,39.01453809568812,70.0,285.6,25,174
78448CED-8B2E-4840-AD2C-0012699ED289,EXL120,32.64042100467759,80.0,299.6,25,175
78448CED-8B2E-4840-AD2C-0012699ED289,EXL140,21.23811505935904,50.0,206.4,25,176
78448CED-8B2E-4840-AD2C-0012699ED289,EXL145,13.474227507714046,20.0,82.0,25,33
78448CED-8B2E-4840-AD2C-0012699ED289,EXL148,20.177995574321734,30.0,121.6,25,177
78448CED-8B2E-4840-AD2C-0012699ED289,EXL150,18.644200345208453,22.0,129.18,25,178
78448CED-8B2E-4840-AD2C-0012699ED289,EXL156,4.395732273553991,2.0,19.0,25,179
78448CED-8B2E-4840-AD2C-0012699ED289,EXL157,25.081170946795183,30.0,181.07999999999998,25,3
78448CED-8B2E-4840-AD2C-0012699ED289,EXL160,14.11145385469384,15.0,199.64999999999998,25,180
78448CED-8B2E-4840-AD2C-0012699ED289,EXL165,22.01003964498147,25.0,332.75,25,181
78448CED-8B2E-4840-AD2C-0012699ED289,EXL170,26.566582253633868,25.0,336.75,25,182
78448CED-8B2E-4840-AD2C-0012699ED289,EXL170S,22.0688241852367,25.0,340.75,25,183
78448CED-8B2E-4840-AD2C-0012699ED289,EXP16,7.534747721691546,10.0,92.2,25,184
78448CED-8B2E-4840-AD2C-0012699ED289,H-RODS,21.86838714655479,25.0,317.25,25,185
78448CED-8B2E-4840-AD2C-0012699ED289,J1010 4/4M,6.318766692570632,3.0,111.03,25,186
78448CED-8B2E-4840-AD2C-0012699ED289,J1011 4/4M,5.965377425086662,6.0,42.18,25,187
78448CED-8B2E-4840-AD2C-0012699ED289,J2701,11.8264651170665,30.0,14.35,25,188
78448CED-8B2E-4840-AD2C-0012699ED289,J2702,4.987874348154346,10.0,6.3,25,189
78448CED-8B2E-4840-AD2C-0012699ED289,J2703,5.028148247292285,10.0,6.6,25,190
78448CED-8B2E-4840-AD2C-0012699ED289,J2704,9.384390263345775,25.0,28.5,25,191
78448CED-8B2E-4840-AD2C-0012699ED289,J2705,9.425889994252527,25.0,29.75,25,192
78448CED-8B2E-4840-AD2C-0012699ED289,J2706,15.121176153629639,35.0,44.8,25,193
78448CED-8B2E-4840-AD2C-0012699ED289,J810 1/2M,8.351592753462473,12.0,140.4,25,194
78448CED-8B2E-4840-AD2C-0012699ED289,J810 3/4M,18.576422550494996,18.0,209.28000000000003,25,195
78448CED-8B2E-4840-AD2C-0012699ED289,J810 4/4M,23.855321883740263,32.0,370.0,25,196
78448CED-8B2E-4840-AD2C-0012699ED289,J811 4/4M,4.186051276738095,5.0,7.9,25,197
78448CED-8B2E-4840-AD2C-0012699ED289,J814 4/4M,4.89591193827178,5.0,17.1,25,198
78448CED-8B2E-4840-AD2C-0012699ED289,J910 MM,6.082758633015213,4.0,71.44,25,199
78448CED-8B2E-4840-AD2C-0012699ED289,J911 MM,9.89413420314542,10.0,36.1,25,200
78448CED-8B2E-4840-AD2C-0012699ED289,J913 MM,5.2168738221975275,5.0,23.95,25,201
78448CED-8B2E-4840-AD2C-0012699ED289,J914 MM,5.290265820954874,5.0,25.85,25,202
78448CED-8B2E-4840-AD2C-0012699ED289,L-RODS,5.746617650192644,4.0,50.76,25,203
78448CED-8B2E-4840-AD2C-0012699ED289,LA2BN,5.085917407546784,6.0,16.92,25,204
78448CED-8B2E-4840-AD2C-0012699ED289,LA2BW,4.994839331174601,6.0,15.36,25,205
78448CED-8B2E-4840-AD2C-0012699ED289,LA5AN,6.950766151984302,12.0,33.84,25,206
78448CED-8B2E-4840-AD2C-0012699ED289,LA5AW,6.856947396766648,12.0,30.72,25,207
78448CED-8B2E-4840-AD2C-0012699ED289,LA7AN,10.029458036029276,24.0,67.68,25,208
78448CED-8B2E-4840-AD2C-0012699ED289,LA7AW,9.934206095647232,24.0,61.44,25,209
78448CED-8B2E-4840-AD2C-0012699ED289,LE009,4.987874348154346,10.0,6.3,25,210
78448CED-8B2E-4840-AD2C-0012699ED289,LE023W,3.9600947840472696,5.0,6.1,25,211
78448CED-8B2E-4840-AD2C-0012699ED289,LE024W,3.9600947840472696,5.0,6.1,25,212
78448CED-8B2E-4840-AD2C-0012699ED289,NW017,6.791165107812716,15.0,15.3,25,213
78448CED-8B2E-4840-AD2C-0012699ED289,NW018,5.415913778301048,10.0,10.2,25,214
78448CED-8B2E-4840-AD2C-0012699ED289,NW020,8.00568260440716,20.0,19.2,25,215
78448CED-8B2E-4840-AD2C-0012699ED289,NW024,13.421596382708207,30.0,29.4,25,216
78448CED-8B2E-4840-AD2C-0012699ED289,NW026,5.360854001118021,10.0,9.6,25,217
78448CED-8B2E-4840-AD2C-0012699ED289,NW028,8.044522437723423,20.0,20.0,25,218
78448CED-8B2E-4840-AD2C-0012699ED289,NW036,5.468099531471619,10.0,10.8,25,219
78448CED-8B2E-4840-AD2C-0012699ED289,NW038,8.194583132299156,20.0,23.4,25,220
78448CED-8B2E-4840-AD2C-0012699ED289,NW042,8.194583132299156,20.0,23.4,25,221
78448CED-8B2E-4840-AD2C-0012699ED289,NW044,8.194583132299156,20.0,23.4,25,222
78448CED-8B2E-4840-AD2C-0012699ED289,NW049,5.602689685444384,10.0,12.5,25,223
78448CED-8B2E-4840-AD2C-0012699ED289,NW056,5.687847493784691,10.0,13.7,25,224
78448CED-8B2E-4840-AD2C-0012699ED289,NW068,6.104586678466073,10.0,21.3,25,225
78448CED-8B2E-4840-AD2C-0012699ED289,NYXL1046,46.00269262427166,70.0,469.79999999999995,25,10
78448CED-8B2E-4840-AD2C-0012699ED289,NYXL1149,21.658419711037133,30.0,201.0,25,5
78448CED-8B2E-4840-AD2C-0012699ED289,P1016,4.760375387141901,2.0,27.8,25,226
78448CED-8B2E-4840-AD2C-0012699ED289,P1216,4.760375387141901,2.0,27.8,25,227
78448CED-8B2E-4840-AD2C-0012699ED289,P1320,6.255612709818223,5.0,69.5,25,228
78448CED-8B2E-4840-AD2C-0012699ED289,P1420,11.673019479004669,8.0,115.8,25,229
78448CED-8B2E-4840-AD2C-0012699ED289,P1424,9.567554840481604,4.0,56.980000000000004,25,230
78448CED-8B2E-4840-AD2C-0012699ED289,PB022,8.01553490085017,20.0,19.4,25,231
78448CED-8B2E-4840-AD2C-0012699ED289,PB023,8.01553490085017,20.0,19.4,25,232
78448CED-8B2E-4840-AD2C-0012699ED289,PB024,16.03106980170034,40.0,38.8,25,233
78448CED-8B2E-4840-AD2C-0012699ED289,PB026,8.01553490085017,20.0,19.4,25,234
78448CED-8B2E-4840-AD2C-0012699ED289,PB032,8.242592351485516,20.0,24.6,25,235
78448CED-8B2E-4840-AD2C-0012699ED289,PB042,8.242592351485516,20.0,24.6,25,236
78448CED-8B2E-4840-AD2C-0012699ED289,PB059,5.681021528714291,10.0,13.6,25,237
78448CED-8B2E-4840-AD2C-0012699ED289,PD1416,5.476859247881081,2.0,57.96,25,238
78448CED-8B2E-4840-AD2C-0012699ED289,PEDSB,4.724316337326198,2.0,26.78,25,239
78448CED-8B2E-4840-AD2C-0012699ED289,PF1416,5.476859247881081,2.0,57.96,25,240
78448CED-8B2E-4840-AD2C-0012699ED289,PL008,19.615390258625975,50.0,25.0,25,241
78448CED-8B2E-4840-AD2C-0012699ED289,PL009,28.570882962339585,100.0,51.5,25,242
78448CED-8B2E-4840-AD2C-0012699ED289,PL010,20.788724789083652,80.0,43.2,25,243
78448CED-8B2E-4840-AD2C-0012699ED289,PL011,38.32226628814817,130.0,65.2,25,244
78448CED-8B2E-4840-AD2C-0012699ED289,PL012,35.94545643580038,120.0,59.8,25,245
78448CED-8B2E-4840-AD2C-0012699ED289,PL013,19.094976442530008,60.0,29.9,25,246
78448CED-8B2E-4840-AD2C-0012699ED289,PL014,19.615390258625975,50.0,25.0,25,247
78448CED-8B2E-4840-AD2C-0012699ED289,PL015,12.2358441244958,30.0,15.200000000000001,25,248
78448CED-8B2E-4840-AD2C-0012699ED289,PL016,21.989504836850063,60.0,29.9,25,249
78448CED-8B2E-4840-AD2C-0012699ED289,PL017,17.221760243825884,50.0,25.5,25,250
78448CED-8B2E-4840-AD2C-0012699ED289,PL018,14.847645665601792,40.0,20.6,25,251
78448CED-8B2E-4840-AD2C-0012699ED289,PL020,9.663561646129645,20.0,10.5,25,252
78448CED-8B2E-4840-AD2C-0012699ED289,PL024,9.663561646129645,20.0,10.5,25,253
78448CED-8B2E-4840-AD2C-0012699ED289,PL026,7.484906649788,20.0,11.0,25,254
78448CED-8B2E-4840-AD2C-0012699ED289,PMBRM1,8.711635396333776,3.0,42.81,25,255
78448CED-8B2E-4840-AD2C-0012699ED289,PMBRM2,19.142981108412936,8.0,114.16,25,256
78448CED-8B2E-4840-AD2C-0012699ED289,PR1416,5.476859247881081,2.0,57.96,25,257
78448CED-8B2E-4840-AD2C-0012699ED289,PW-CT-12,23.240504557867258,30.0,342.8,25,45
78448CED-8B2E-4840-AD2C-0012699ED289,PW-CT-9V,16.62582093318649,50.0,276.5,25,258
78448CED-8B2E-4840-AD2C-0012699ED289,PW-FBC,17.34867475372846,24.0,70.68,25,259
78448CED-8B2E-4840-AD2C-0012699ED289,PW-MPC,16.47677111691731,30.0,145.2,25,260
78448CED-8B2E-4840-AD2C-0012699ED289,PW727N,6.106407266642511,6.0,48.72,25,261
78448CED-8B2E-4840-AD2C-0012699ED289,PW727W,6.074528801000565,6.0,47.16,25,262
78448CED-8B2E-4840-AD2C-0012699ED289,PW747N,9.591520430236574,18.0,146.16,25,263
78448CED-8B2E-4840-AD2C-0012699ED289,PW747W,8.03356326048931,12.0,101.88,25,264
78448CED-8B2E-4840-AD2C-0012699ED289,PW7AW,6.074528801000565,6.0,47.16,25,265
78448CED-8B2E-4840-AD2C-0012699ED289,RCB1020,3.7930133911138517,1.0,12.37,25,266
78448CED-8B2E-4840-AD2C-0012699ED289,RF12G,16.597758776122944,20.0,402.33000000000004,25,24
78448CED-8B2E-4840-AD2C-0012699ED289,RF6GM,13.969458103287673,15.0,178.88,25,267
78448CED-8B2E-4840-AD2C-0012699ED289,RFBASS,6.016505695651837,2.0,100.14,25,268
78448CED-8B2E-4840-AD2C-0012699ED289,RJB1020,9.92322820613612,4.0,68.44,25,269
78448CED-8B2E-4840-AD2C-0012699ED289,RJB1025,4.96161410306806,2.0,34.22,25,270
78448CED-8B2E-4840-AD2C-0012699ED289,S1330,5.031779862073364,2.0,36.78,25,271
78448CED-8B2E-4840-AD2C-0012699ED289,S13H30,15.378570561121201,6.0,49.760000000000005,25,272
78448CED-8B2E-4840-AD2C-0012699ED289,S1430,5.031779862073364,2.0,36.78,25,273
78448CED-8B2E-4840-AD2C-0012699ED289,S14H30,40.377943912634805,47.0,414.07000000000005,25,274
78448CED-8B2E-4840-AD2C-0012699ED289,SD200,4.297016300614834,2.0,17.12,25,275
78448CED-8B2E-4840-AD2C-0012699ED289,SD400,10.236259277277068,7.0,65.1,25,276
78448CED-8B2E-4840-AD2C-0012699ED289,SRBLA,4.460485124145965,3.0,16.47,25,277
78448CED-8B2E-4840-AD2C-0012699ED289,T-RODS,12.331779458770393,10.0,126.9,25,278
78448CED-8B2E-4840-AD2C-0012699ED289,TDSB,10.339117849574457,4.0,97.48,25,279
78448CED-8B2E-4840-AD2C-0012699ED289,TT10C7,7.05145244608865,2.0,18.47,25,280
78448CED-8B2E-4840-AD2C-0012699ED289,TT10G1,3.414846178686039,1.0,8.16,25,281
78448CED-8B2E-4840-AD2C-0012699ED289,TT10G2,8.577171712391735,4.0,33.96,25,282
78448CED-8B2E-4840-AD2C-0012699ED289,TT10GR,12.017881401667694,5.0,42.36,25,283
78448CED-8B2E-4840-AD2C-0012699ED289,TT12EC2S,7.202865459268703,2.0,20.08,25,284
78448CED-8B2E-4840-AD2C-0012699ED289,TT12G1,17.604332973143844,9.0,78.47,25,285
78448CED-8B2E-4840-AD2C-0012699ED289,TT12G2,12.629425270137315,6.0,50.96,25,286
78448CED-8B2E-4840-AD2C-0012699ED289,TT12GR,7.730815454352361,3.0,25.349999999999998,25,287
78448CED-8B2E-4840-AD2C-0012699ED289,TT12HG,7.242335767525523,2.0,20.52,25,288
78448CED-8B2E-4840-AD2C-0012699ED289,TT13C7,8.10516892108527,3.0,31.18,25,289
78448CED-8B2E-4840-AD2C-0012699ED289,TT13EC2S,15.486834269628007,5.0,53.339999999999996,25,290
78448CED-8B2E-4840-AD2C-0012699ED289,TT13G1,19.70910865895041,12.0,110.12,25,291
78448CED-8B2E-4840-AD2C-0012699ED289,TT13G2,14.26885384144046,8.0,73.61,25,292
78448CED-8B2E-4840-AD2C-0012699ED289,TT13GR,16.44889531282356,7.0,65.69999999999999,25,293
78448CED-8B2E-4840-AD2C-0012699ED289,TT13HG,14.735352502677173,4.0,43.97,25,294
78448CED-8B2E-4840-AD2C-0012699ED289,TT14C7,11.899161132524892,4.0,43.7,25,295
78448CED-8B2E-4840-AD2C-0012699ED289,TT14EC2S,9.167945647748432,4.0,46.31999999999999,25,296
78448CED-8B2E-4840-AD2C-0012699ED289,TT14G1,17.386638369673754,8.0,77.68,25,297
78448CED-8B2E-4840-AD2C-0012699ED289,TT14G2,12.380187049293037,5.0,48.23,25,298
78448CED-8B2E-4840-AD2C-0012699ED289,TT14HG,4.570525563927154,2.0,22.82,25,299
78448CED-8B2E-4840-AD2C-0012699ED289,TT15G1,4.523245593852951,2.0,21.72,25,300
78448CED-8B2E-4840-AD2C-0012699ED289,TT15G2,4.523245593852951,2.0,21.72,25,301
78448CED-8B2E-4840-AD2C-0012699ED289,TT16C7,3.813739521630969,1.0,12.65,25,302
78448CED-8B2E-4840-AD2C-0012699ED289,TT16EC2S,9.32540260881646,4.0,50.24,25,303
78448CED-8B2E-4840-AD2C-0012699ED289,TT16G1,19.8543419160182,11.0,119.13,25,304
78448CED-8B2E-4840-AD2C-0012699ED289,TT16G2,18.89895673813816,11.0,121.44,25,305
78448CED-8B2E-4840-AD2C-0012699ED289,TT16GR,12.740551295072448,5.0,54.81,25,306
78448CED-8B2E-4840-AD2C-0012699ED289,TT16HG,8.481814846031726,3.0,37.92,25,307
78448CED-8B2E-4840-AD2C-0012699ED289,TT18G1,3.9414849771884475,1.0,14.51,25,308
78448CED-8B2E-4840-AD2C-0012699ED289,TT18GR,3.8892071133007304,1.0,13.72,25,309
78448CED-8B2E-4840-AD2C-0012699ED289,TX2BW,5.928580820965489,6.0,40.62,25,310
78448CED-8B2E-4840-AD2C-0012699ED289,TXJRW,7.809641801706856,12.0,81.24,25,311
78448CED-8B2E-4840-AD2C-0012699ED289,TXJZW,7.921353699894981,12.0,90.96,25,312
78448CED-8B2E-4840-AD2C-0012699ED289,TXR5AN,5.955603086156844,6.0,41.76,25,313
78448CED-8B2E-4840-AD2C-0012699ED289,XLB032,4.734367509419584,5.0,14.4,25,314
78448CED-8B2E-4840-AD2C-0012699ED289,XLB045,11.105105683597031,15.0,42.5,25,315
78448CED-8B2E-4840-AD2C-0012699ED289,XLB050,4.734367509419584,5.0,14.4,25,316
78448CED-8B2E-4840-AD2C-0012699ED289,XLB065,4.915064370486537,5.0,17.45,25,317
78448CED-8B2E-4840-AD2C-0012699ED289,XLB080,11.58914653584986,15.0,54.7,25,318
78448CED-8B2E-4840-AD2C-0012699ED289,XLB110,5.150596984114906,5.0,22.35,25,319
78448CED-8B2E-4840-AD2C-0012699ED289,XLB125,10.48108696322287,10.0,49.099999999999994,25,320
78448CED-8B2E-4840-AD2C-0012699ED289,XLB130,5.2268439945173775,5.0,24.2,25,321
78448CED-8B2E-4840-AD2C-0012699ED289,XTAPB1253,10.134621273877247,20.0,168.8,25,322
78448CED-8B2E-4840-AD2C-0012699ED289,XTAPB1670,5.747148362237912,5.0,41.4,25,323
795F46C7-906F-4462-9494-0002B3D717C5,1XVP4-5,1.2,1.0,0.0,26,15
795F46C7-906F-4462-9494-0002B3D717C5,EJ16-10P,5.490322445463541,1.0,71.99,26,324
795F46C7-906F-4462-9494-0002B3D717C5,EJ16-B25,6.0751209844095575,1.0,129.99,26,325
795F46C7-906F-4462-9494-0002B3D717C5,EXL115-10P,15.982847148152029,4.0,185.96,26,326
795F46C7-906F-4462-9494-0002B3D717C5,EXL115-B25,29.50349742942837,5.0,546.9499999999999,26,327
8281E65F-F84A-4F53-A5A1-00005E04D29C,EPN110,8.10875477931522,1.0,1000.0,27,328
8281E65F-F84A-4F53-A5A1-00005E04D29C,NB1252BT,7.88586094706836,1.0,800.0,27,329
8B7BC4C6-3DA3-49F9-A944-000030E298C6,2CBP6-100,5.093247850101812,1.0,48.07,28,330
92AACDA7-BFCE-438C-AE64-000C08263774,ARF7GM,83.33911149933262,71.0,1102.56,29,95
92AACDA7-BFCE-438C-AE64-000C08263774,B08G1,3.8616571615325,1.0,13.32,29,331
92AACDA7-BFCE-438C-AE64-000C08263774,B08G2,3.4731562823032336,1.0,8.71,29,332
92AACDA7-BFCE-438C-AE64-000C08263774,B10G1,8.518354999439536,3.0,39.47,29,333
92AACDA7-BFCE-438C-AE64-000C08263774,B10G12,3.5466019784108203,1.0,9.45,29,334
92AACDA7-BFCE-438C-AE64-000C08263774,B10G2,19.1720901735658,10.0,106.4,29,96
92AACDA7-BFCE-438C-AE64-000C08263774,B10UV1,4.419448800171308,2.0,19.48,29,335
92AACDA7-BFCE-438C-AE64-000C08263774,B12G1,12.601185455467498,5.0,52.18000000000001,29,97
92AACDA7-BFCE-438C-AE64-000C08263774,B12G12,3.5915113021884473,1.0,9.93,29,336
92AACDA7-BFCE-438C-AE64-000C08263774,B12G2,20.90771237274263,13.0,145.27,29,98
92AACDA7-BFCE-438C-AE64-000C08263774,B12UV1,17.23179035894441,8.0,81.68,29,337
92AACDA7-BFCE-438C-AE64-000C08263774,B13G1,27.03016387325257,13.0,145.38,29,100
92AACDA7-BFCE-438C-AE64-000C08263774,B13G1RD,3.7368663887187115,1.0,11.64,29,338
92AACDA7-BFCE-438C-AE64-000C08263774,B13G2,3.6898941912990395,1.0,11.06,29,101
92AACDA7-BFCE-438C-AE64-000C08263774,B13GEN,4.565475048141086,2.0,22.7,29,339
92AACDA7-BFCE-438C-AE64-000C08263774,B13HDD,8.378557795511806,3.0,35.769999999999996,29,102
92AACDA7-BFCE-438C-AE64-000C08263774,B13UV1,12.313242137070745,4.0,52.07,29,340
92AACDA7-BFCE-438C-AE64-000C08263774,B14DRY,27.883653671136866,12.0,152.78,29,341
92AACDA7-BFCE-438C-AE64-000C08263774,B14G1,4.55016862685841,2.0,22.34,29,106
92AACDA7-BFCE-438C-AE64-000C08263774,B14G1-B,22.675951228061823,30.0,283.6,29,107
92AACDA7-BFCE-438C-AE64-000C08263774,B14G12,3.698973906999436,1.0,11.17,29,342
92AACDA7-BFCE-438C-AE64-000C08263774,B14G1RD,25.775345547889117,14.0,185.31,29,343
92AACDA7-BFCE-438C-AE64-000C08263774,B14G2,33.20737590204363,16.0,191.0,29,109
92AACDA7-BFCE-438C-AE64-000C08263774,B14GEN,4.881240089335693,2.0,31.5,29,344
92AACDA7-BFCE-438C-AE64-000C08263774,B14HD,23.246429932160755,10.0,131.59,29,345
92AACDA7-BFCE-438C-AE64-000C08263774,B14HDD,33.44540366710146,15.0,217.37,29,110
92AACDA7-BFCE-438C-AE64-000C08263774,B14HWD,5.087878953780353,2.0,38.96,29,346
92AACDA7-BFCE-438C-AE64-000C08263774,B14ST,9.552526184541481,4.0,57.17,29,347
92AACDA7-BFCE-438C-AE64-000C08263774,B14STD,15.352068302168915,8.0,105.22,29,348
92AACDA7-BFCE-438C-AE64-000C08263774,B14UV1,19.92942023309257,10.0,131.76,29,349
92AACDA7-BFCE-438C-AE64-000C08263774,B14UV2,4.0667618922570306,1.0,16.58,29,350
92AACDA7-BFCE-438C-AE64-000C08263774,B16G1,9.872916080956927,5.0,61.68000000000001,29,113
92AACDA7-BFCE-438C-AE64-000C08263774,B16G2,18.014472237298502,7.0,92.38,29,114
92AACDA7-BFCE-438C-AE64-000C08263774,B16UV2,5.05169666298622,2.0,37.54,29,351
92AACDA7-BFCE-438C-AE64-000C08263774,BD16EMAD,4.820065138113576,1.0,36.34,29,352
92AACDA7-BFCE-438C-AE64-000C08263774,BD16UV1,4.819797292926492,1.0,36.33,29,353
92AACDA7-BFCE-438C-AE64-000C08263774,BD18EMAD,4.911863290504312,1.0,39.93,29,117
92AACDA7-BFCE-438C-AE64-000C08263774,BD20EMAD,48.392356873249916,15.0,532.11,29,119
92AACDA7-BFCE-438C-AE64-000C08263774,BD20EMAD2,9.458879211398825,2.0,66.25999999999999,29,120
92AACDA7-BFCE-438C-AE64-000C08263774,BD20GMAD,4.691038085661945,1.0,31.82,29,123
92AACDA7-BFCE-438C-AE64-000C08263774,BD22EMAD,78.98625396216086,28.0,994.3,29,127
92AACDA7-BFCE-438C-AE64-000C08263774,BD22EMAD2,10.982641708965126,4.0,131.55,29,128
92AACDA7-BFCE-438C-AE64-000C08263774,BD22EMADCW,9.43140277392176,2.0,65.3,29,354
92AACDA7-BFCE-438C-AE64-000C08263774,BD22EMADONX,5.699731391947052,2.0,72.68,29,355
92AACDA7-BFCE-438C-AE64-000C08263774,BD22GB3,4.807398212246054,1.0,35.87,29,356
92AACDA7-BFCE-438C-AE64-000C08263774,BD22GMAD,14.562343871818896,3.0,114.0,29,131
92AACDA7-BFCE-438C-AE64-000C08263774,BD22RGCW,4.712440560478137,1.0,32.53,29,134
92AACDA7-BFCE-438C-AE64-000C08263774,BD26MX2B,6.102841213161538,2.0,109.26,29,357
92AACDA7-BFCE-438C-AE64-000C08263774,C1416,5.02647199398532,2.0,36.58,29,358
92AACDA7-BFCE-438C-AE64-000C08263774,CS14S,3.6578779774000814,1.0,10.68,29,359
92AACDA7-BFCE-438C-AE64-000C08263774,CT14S,3.6578779774000814,1.0,10.68,29,360
92AACDA7-BFCE-438C-AE64-000C08263774,EPP-G2HDD-F,5.737813479997556,2.0,75.54,29,361
92AACDA7-BFCE-438C-AE64-000C08263774,EQPAD,9.844851410368967,4.0,65.94,29,167
92AACDA7-BFCE-438C-AE64-000C08263774,EQPC1,10.705421812994073,10.0,55.3,29,362
92AACDA7-BFCE-438C-AE64-000C08263774,EQPODS,7.508659285607248,10.0,89.8,29,363
92AACDA7-BFCE-438C-AE64-000C08263774,ETP-EC2SCLR-F,4.669167508101423,1.0,31.11,29,364
92AACDA7-BFCE-438C-AE64-000C08263774,ETP-G1CLR-F,6.026641427432834,3.0,82.65,29,365
92AACDA7-BFCE-438C-AE64-000C08263774,ETP-G1CLR-R,5.539317927864833,2.0,61.76,29,366
92AACDA7-BFCE-438C-AE64-000C08263774,ETP-G2CLR-F,4.5843902633457745,1.0,28.5,29,367
92AACDA7-BFCE-438C-AE64-000C08263774,ETP-G2CLR-R,4.8449275665847535,1.0,37.28,29,368
92AACDA7-BFCE-438C-AE64-000C08263774,ETP-G2CTD-F,6.092561241605438,3.0,88.35,29,369
92AACDA7-BFCE-438C-AE64-000C08263774,FBH565AW,13.220423478562925,18.0,88.32,29,370
92AACDA7-BFCE-438C-AE64-000C08263774,PMNB2B,5.6052894561738285,2.0,66.04,29,371
92AACDA7-BFCE-438C-AE64-000C08263774,PMNB5B,5.6052894561738285,2.0,66.04,29,372
92AACDA7-BFCE-438C-AE64-000C08263774,R5AAG,4.8984261036262104,3.0,26.07,29,373
92AACDA7-BFCE-438C-AE64-000C08263774,R5BFG,5.876395827784995,5.0,47.25,29,374
92AACDA7-BFCE-438C-AE64-000C08263774,RBANW,6.1184026123921855,6.0,49.32,29,375
92AACDA7-BFCE-438C-AE64-000C08263774,RBBGBGW,10.655539723555894,24.0,127.45,29,376
92AACDA7-BFCE-438C-AE64-000C08263774,RBH565AW,13.415360722699091,18.0,98.03999999999999,29,377
92AACDA7-BFCE-438C-AE64-000C08263774,RBH595AW,5.110543013394024,4.0,26.4,29,378
92AACDA7-BFCE-438C-AE64-000C08263774,RBH595AW-BLUE,5.597858480396641,6.0,28.9,29,379
92AACDA7-BFCE-438C-AE64-000C08263774,RBHR595AW,4.6349529867072725,3.0,19.8,29,380
92AACDA7-BFCE-438C-AE64-000C08263774,RBM535RW,20.302523393807217,24.0,196.07999999999998,29,381
92AACDA7-BFCE-438C-AE64-000C08263774,RBM565RW,12.215360722699092,12.0,98.03999999999999,29,382
92AACDA7-BFCE-438C-AE64-000C08263774,RF12D,6.990772665000004,5.0,146.05,29,383
92AACDA7-BFCE-438C-AE64-000C08263774,RF12G,82.78993183163281,62.0,1549.59,29,24
92AACDA7-BFCE-438C-AE64-000C08263774,RFBASS,20.909522494221164,4.0,220.87,29,268
92AACDA7-BFCE-438C-AE64-000C08263774,S13H30,9.002392617639671,5.0,48.08,29,272
92AACDA7-BFCE-438C-AE64-000C08263774,S14H20,7.1830226043768945,2.0,19.86,29,384
92AACDA7-BFCE-438C-AE64-000C08263774,S14H30,39.47678306731959,30.0,321.85,29,274
92AACDA7-BFCE-438C-AE64-000C08263774,S22,17.185889980626676,13.0,144.64,29,385
92AACDA7-BFCE-438C-AE64-000C08263774,SD400,12.998880627879416,5.0,59.63,29,276
92AACDA7-BFCE-438C-AE64-000C08263774,SO-10,3.8475508632442312,2.0,10.56,29,25
92AACDA7-BFCE-438C-AE64-000C08263774,SO-12,3.1227877316344594,1.0,5.84,29,386
92AACDA7-BFCE-438C-AE64-000C08263774,SO-13,3.2162354657760437,1.0,6.51,29,387
92AACDA7-BFCE-438C-AE64-000C08263774,TT10C7,3.616806237084069,1.0,10.21,29,280
92AACDA7-BFCE-438C-AE64-000C08263774,TT10EC2S,3.6578779774000814,1.0,10.68,29,388
92AACDA7-BFCE-438C-AE64-000C08263774,TT10G1,4.342331496826876,2.0,17.96,29,281
92AACDA7-BFCE-438C-AE64-000C08263774,TT10G2,4.979292546274106,3.0,28.35,29,282
92AACDA7-BFCE-438C-AE64-000C08263774,TT10HG,3.674856313934499,1.0,10.88,29,389
92AACDA7-BFCE-438C-AE64-000C08263774,TT12C7,3.6578779774000814,1.0,10.68,29,390
92AACDA7-BFCE-438C-AE64-000C08263774,TT12CHR,3.8232182655855125,1.0,12.78,29,391
92AACDA7-BFCE-438C-AE64-000C08263774,TT12EC2S,9.730902103301208,5.0,56.79,29,284
92AACDA7-BFCE-438C-AE64-000C08263774,TT12G1,5.369998505398728,3.0,42.38,29,285
92AACDA7-BFCE-438C-AE64-000C08263774,TT12G2,18.775568698942806,9.0,108.9,29,286
92AACDA7-BFCE-438C-AE64-000C08263774,TT13CHR,3.889886230474539,1.0,13.73,29,392
92AACDA7-BFCE-438C-AE64-000C08263774,TT13EC2S,3.7517861786275453,1.0,11.83,29,290
92AACDA7-BFCE-438C-AE64-000C08263774,TT13G2,4.842019376182411,2.0,30.25,29,292
92AACDA7-BFCE-438C-AE64-000C08263774,TT14C7,3.7733752977756088,1.0,12.11,29,295
92AACDA7-BFCE-438C-AE64-000C08263774,TT14EC2S,9.36526722355395,4.0,51.3,29,296
92AACDA7-BFCE-438C-AE64-000C08263774,TT14ECR,3.795254706956866,1.0,12.4,29,393
92AACDA7-BFCE-438C-AE64-000C08263774,TT14G1,4.613260086082565,2.0,23.86,29,297
92AACDA7-BFCE-438C-AE64-000C08263774,TT14G2,15.083028766894275,8.0,96.0,29,298
92AACDA7-BFCE-438C-AE64-000C08263774,TT16EC2S,13.514757076117254,5.0,71.94,29,303
92AACDA7-BFCE-438C-AE64-000C08263774,TT16EMAD,5.508247467391093,2.0,59.84,29,394
92AACDA7-BFCE-438C-AE64-000C08263774,TT16G2,10.293136856344441,5.0,79.33,29,305
92AACDA7-BFCE-438C-AE64-000C08263774,TX5ABN,5.610817625039146,6.0,29.29,29,395
92AACDA7-BFCE-438C-AE64-000C08263774,TX5ALW,5.998182189004386,6.0,43.62,29,396
92AACDA7-BFCE-438C-AE64-000C08263774,TX5AN,11.955638321629193,12.0,85.56,29,397
92AACDA7-BFCE-438C-AE64-000C08263774,TX5AW,10.88849090680068,10.0,61.199999999999996,29,398
92AACDA7-BFCE-438C-AE64-000C08263774,TX5AW-FG,12.027639546366423,11.0,98.25,29,399
92AACDA7-BFCE-438C-AE64-000C08263774,TX5BW,11.983096876824284,12.0,88.68,29,400
92AACDA7-BFCE-438C-AE64-000C08263774,TX5BW-FG,11.130536264855532,9.0,79.35,29,401
92AACDA7-BFCE-438C-AE64-000C08263774,TX5BXN,5.730762586016799,6.0,33.15,29,402
92AACDA7-BFCE-438C-AE64-000C08263774,TX707W,14.113986615843451,18.0,147.66,29,403
92AACDA7-BFCE-438C-AE64-000C08263774,TX747W-GRAY,7.474141854904581,12.0,57.8,29,404
92AACDA7-BFCE-438C-AE64-000C08263774,TX747W-GREEN,7.474141854904581,12.0,57.8,29,405
92AACDA7-BFCE-438C-AE64-000C08263774,TX747W-ORANGE,16.54806375428272,30.0,144.5,29,406
92AACDA7-BFCE-438C-AE64-000C08263774,TX747W-YELLOW,7.474141854904581,12.0,57.8,29,407
92AACDA7-BFCE-438C-AE64-000C08263774,TX7AN,5.925693427236653,6.0,40.5,29,408
92AACDA7-BFCE-438C-AE64-000C08263774,TX7AW,24.718344534074536,27.0,204.54,29,409
92AACDA7-BFCE-438C-AE64-000C08263774,TX7AW-FG,6.151243718581427,6.0,51.0,29,410
92AACDA7-BFCE-438C-AE64-000C08263774,TX8AW,5.692256112609122,6.0,31.86,29,411
92AACDA7-BFCE-438C-AE64-000C08263774,TXAFW,15.36096845473712,20.0,218.01,29,412
92AACDA7-BFCE-438C-AE64-000C08263774,TXCHW-FG-AGC,6.41980177957905,6.0,67.02,29,413
92AACDA7-BFCE-438C-AE64-000C08263774,TXCPW,5.692256112609122,6.0,31.86,29,414
92AACDA7-BFCE-438C-AE64-000C08263774,TXGKAWW,12.228904036293784,11.0,109.22999999999999,29,415
92AACDA7-BFCE-438C-AE64-000C08263774,TXJZN,5.610817625039146,6.0,29.29,29,416
92AACDA7-BFCE-438C-AE64-000C08263774,TXPCW,7.995523808936286,12.0,98.04,29,417
92AACDA7-BFCE-438C-AE64-000C08263774,TXR5AW,5.998182189004386,6.0,43.62,29,418
92AACDA7-BFCE-438C-AE64-000C08263774,TXR5BW,5.777947893406655,6.0,34.8,29,419
9C96AAE8-7B6A-4291-A623-0009586BB529,50PAG05-VM,8.896667081526461,1.0,2200.0,30,420
9C96AAE8-7B6A-4291-A623-0009586BB529,EJ14,3.3961128484835292,1.0,7.99,30,421
9C96AAE8-7B6A-4291-A623-0009586BB529,EJ19,3.3961128484835292,1.0,7.99,30,148
9C96AAE8-7B6A-4291-A623-0009586BB529,P23BALLENDTEE5,1.2,1.0,0.0,30,422
9C96AAE8-7B6A-4291-A623-0009586BB529,PW-ECT-10,8.444941546337006,1.0,1400.0,30,423
9C96AAE8-7B6A-4291-A623-0009586BB529,PW-HPCP-03,4.195232148512309,1.0,18.99,30,424
9C96AAE8-7B6A-4291-A623-0009586BB529,PW-HPRP-03,30.665010671521436,7.0,2510.94,30,425
9C96AAE8-7B6A-4291-A623-0009586BB529,PW-HTK-01,5.131629535067065,1.0,49.99,30,426
9C96AAE8-7B6A-4291-A623-0009586BB529,PW-PL-01S,2.9900914121273585,1.0,4.99,30,427
9C96AAE8-7B6A-4291-A623-0009586BB529,PW-PL-03S,2.9900914121273585,1.0,4.99,30,428
9C96AAE8-7B6A-4291-A623-0009586BB529,XSAPB1256,3.971963526845863,1.0,14.99,30,429
9F598D78-FF8E-41EE-A2D6-000EFA351FF3,B08G12,3.971963526845863,1.0,14.99,31,430
9F598D78-FF8E-41EE-A2D6-000EFA351FF3,B10G12,4.032624935683841,1.0,15.99,31,334
9F598D78-FF8E-41EE-A2D6-000EFA351FF3,B12G12,4.089816047962442,1.0,16.99,31,336
9F598D78-FF8E-41EE-A2D6-000EFA351FF3,B16G12,4.2905878045666705,1.0,20.99,31,431
9F598D78-FF8E-41EE-A2D6-000EFA351FF3,S14H30,4.089816047962442,1.0,16.99,31,274
AAEA0951-4796-4C6B-959D-0000BC3ECB97,B10UV2,3.7610957881455467,1.0,11.95,32,432
AAEA0951-4796-4C6B-959D-0000BC3ECB97,B12UV2,3.7839975524322313,1.0,12.25,32,433
AAEA0951-4796-4C6B-959D-0000BC3ECB97,B14G1,3.7055259369907363,1.0,11.25,32,106
AAEA0951-4796-4C6B-959D-0000BC3ECB97,B14G1RD,7.522191576291093,2.0,23.9,32,343
AAEA0951-4796-4C6B-959D-0000BC3ECB97,B14G2,9.01762354738265,4.0,42.8,32,109
AAEA0951-4796-4C6B-959D-0000BC3ECB97,B14GEN,3.7217206229107167,1.0,11.45,32,344
AAEA0951-4796-4C6B-959D-0000BC3ECB97,B14HDD,4.614867803470663,2.0,23.9,32,110
AAEA0951-4796-4C6B-959D-0000BC3ECB97,B14UV1,17.346346050484158,6.0,83.0,32,349
AAEA0951-4796-4C6B-959D-0000BC3ECB97,B14UV2,3.870694414558441,1.0,13.45,32,350
AAEA0951-4796-4C6B-959D-0000BC3ECB97,B16G2,3.870694414558441,1.0,13.45,32,114
AAEA0951-4796-4C6B-959D-0000BC3ECB97,BD22EMAD,4.711545438831021,1.0,32.5,32,127
AAEA0951-4796-4C6B-959D-0000BC3ECB97,BD22GB4,4.514186004672526,1.0,26.5,32,434
AAEA0951-4796-4C6B-959D-0000BC3ECB97,CPB1424,4.893472657771326,2.0,31.9,32,435
AAEA0951-4796-4C6B-959D-0000BC3ECB97,EPP-AMUP-F1-5A,8.916193076042964,2.0,50.0,32,163
AAEA0951-4796-4C6B-959D-0000BC3ECB97,EPP-AMUP-R1-5A,5.210238052925101,1.0,54.16,32,436
AAEA0951-4796-4C6B-959D-0000BC3ECB97,EPP-G2HDD-F,4.797312260588446,1.0,35.5,32,361
AAEA0951-4796-4C6B-959D-0000BC3ECB97,EQPB1,2.8389967146756447,1.0,4.15,32,169
AAEA0951-4796-4C6B-959D-0000BC3ECB97,ETP-EC2SCLR-R,4.657892725338701,1.0,30.75,32,437
AAEA0951-4796-4C6B-959D-0000BC3ECB97,P1420,4.1041650800285,1.0,17.25,32,229
AAEA0951-4796-4C6B-959D-0000BC3ECB97,PF1416,4.762465529258278,1.0,34.25,32,240
AAEA0951-4796-4C6B-959D-0000BC3ECB97,PW-AMSG-10,4.115064370486536,1.0,17.45,32,438
AAEA0951-4796-4C6B-959D-0000BC3ECB97,PW-AMSGRA-10,4.217982882488811,1.0,19.45,32,439
AAEA0951-4796-4C6B-959D-0000BC3ECB97,PW5AW,3.2918640616783934,1.0,7.1,32,440
AAEA0951-4796-4C6B-959D-0000BC3ECB97,PW727W,3.2918640616783934,1.0,7.1,32,262
AAEA0951-4796-4C6B-959D-0000BC3ECB97,RBANW,3.3690537003695233,1.0,7.75,32,375
AAEA0951-4796-4C6B-959D-0000BC3ECB97,RBH565AW,22.467085174980028,23.0,125.35,32,377
AAEA0951-4796-4C6B-959D-0000BC3ECB97,RBH565AW-4PFG,4.232546246676708,1.0,19.75,32,441
AAEA0951-4796-4C6B-959D-0000BC3ECB97,RBH565LAW,3.0640801308076813,1.0,5.45,32,442
AAEA0951-4796-4C6B-959D-0000BC3ECB97,RBH565TW,5.160822893419583,5.0,22.59,32,443
AAEA0951-4796-4C6B-959D-0000BC3ECB97,S1330,4.167847070064456,1.0,18.45,32,271
AAEA0951-4796-4C6B-959D-0000BC3ECB97,S1430,4.167847070064456,1.0,18.45,32,273
AAEA0951-4796-4C6B-959D-0000BC3ECB97,S14H30,15.218871912496212,5.0,49.3,32,274
AAEA0951-4796-4C6B-959D-0000BC3ECB97,TT10G1,3.5223877202902254,1.0,9.2,32,281
AAEA0951-4796-4C6B-959D-0000BC3ECB97,TT10G2,3.5223877202902254,1.0,9.2,32,282
AAEA0951-4796-4C6B-959D-0000BC3ECB97,TT12G1,3.5702437414678605,1.0,9.7,32,285
AAEA0951-4796-4C6B-959D-0000BC3ECB97,TT12G2,3.5702437414678605,1.0,9.7,32,286
AAEA0951-4796-4C6B-959D-0000BC3ECB97,TT14G1,3.68073127837752,1.0,10.95,32,297
AAEA0951-4796-4C6B-959D-0000BC3ECB97,TT14G2,3.68073127837752,1.0,10.95,32,298
AAEA0951-4796-4C6B-959D-0000BC3ECB97,TT16G1,3.7839975524322313,1.0,12.25,32,304
AAEA0951-4796-4C6B-959D-0000BC3ECB97,TT16G2,3.7839975524322313,1.0,12.25,32,305
AAEA0951-4796-4C6B-959D-0000BC3ECB97,TX5AW,5.850658241293739,6.0,37.5,32,398
AAEA0951-4796-4C6B-959D-0000BC3ECB97,TXR5AW,3.0640801308076813,1.0,5.45,32,418
B5F9F9C0-7C5E-4FFB-936F-0008C9C5F03E,XSAPB1047,4.2440461338325415,1.0,19.99,33,444
B5F9F9C0-7C5E-4FFB-936F-0008C9C5F03E,XSAPB1152,4.2440461338325415,1.0,19.99,33,445
BB0BC59A-C2CF-4D62-A215-000A61D39E9B,EJ16,3.1444805562457194,1.0,5.99,34,147
BB0BC59A-C2CF-4D62-A215-000A61D39E9B,EJ45,3.684072969039423,1.0,10.99,34,0
BB0BC59A-C2CF-4D62-A215-000A61D39E9B,NB1356,3.7641798306825085,1.0,11.99,34,446
BB0BC59A-C2CF-4D62-A215-000A61D39E9B,P23BALLENDTEE3,1.2,1.0,0.0,34,447
BCA60604-0F78-45FB-B4F7-001259EC6E18,XSE1046,8.801402334583733,1.0,2000.0,35,448
C0ABD0F9-81E6-4232-8D42-0007C694E67F,S10H30,3.9073833121145065,1.0,13.99,36,449
C13BDCDE-983B-4378-B453-0003CD5F670D,RBH565AW,8.801402334583733,1.0,2000.0,37,377
C8A65268-56AE-43E1-A3E0-000E2529C22B,1DBU5-P1B,5.131629535067065,1.0,49.99,38,450
D02134A0-D161-4E60-9CA3-0011BC209E27,BD18SO1,4.04374591655611,1.0,16.18,39,451
D02134A0-D161-4E60-9CA3-0011BC209E27,BD20RSW,4.14706710157271,1.0,18.05,39,452
D02134A0-D161-4E60-9CA3-0011BC209E27,BD24RSW,4.322364924487357,1.0,21.7,39,453
D02134A0-D161-4E60-9CA3-0011BC209E27,EB0709,4.616085994155906,1.0,29.45,39,454
D02134A0-D161-4E60-9CA3-0011BC209E27,TT12G2,3.3341664413690824,1.0,7.45,39,286
D02134A0-D161-4E60-9CA3-0011BC209E27,TT13G2,3.3916535322867642,1.0,7.95,39,292
D02134A0-D161-4E60-9CA3-0011BC209E27,TT15C7,3.426783379577764,1.0,8.27,39,455
D02134A0-D161-4E60-9CA3-0011BC209E27,TT16G2,3.5302002600270193,1.0,9.28,39,305
D90425E0-D632-4531-84D2-000131E180C2,INKRC22CUSTOMP,5.7107496103686,1.0,89.99,40,456
E47D78A1-BEA9-48BE-8745-000B79F0B557,NYXL0946,6.216308761279101,3.0,10.2,41,457
E47D78A1-BEA9-48BE-8745-000B79F0B557,NYXL1052,4.1978952727983705,4.0,10.0,41,458
E47D78A1-BEA9-48BE-8745-000B79F0B557,PW-BLGTP-01,5.4484952420493595,1.0,69.0,41,459
E47D78A1-BEA9-48BE-8745-000B79F0B557,PW-BLPBT-02,5.374387269895637,1.0,64.0,41,460
E47D78A1-BEA9-48BE-8745-000B79F0B557,PW-CT-26,3.597895272798371,1.0,10.0,41,461
E47D78A1-BEA9-48BE-8745-000B79F0B557,PW-DBUDHP-01,4.33549421592915,1.0,22.0,41,462
E54AD5BB-F223-4280-8852-001214510439,DF162L,3.802689685444384,1.0,12.5,42,463
E54AD5BB-F223-4280-8852-001214510439,EJ16-3D,4.143912524824194,1.0,17.99,42,464
EDAF2E28-CEE7-4060-A077-000B61D1AB32,INK22CUSTOMP,6.14868896587727,1.0,139.99,43,465
F35ED95F-483E-4952-A09F-0007A578F50C,B14HDD,5.633816607508695,2.0,67.98,44,110
F35ED95F-483E-4952-A09F-0007A578F50C,S14H30,4.566950942933564,1.0,27.99,44,274
F45A01A9-49C1-4C14-ABF7-000F9FE73069,EJ11-3D,4.438678452164381,1.0,24.5,45,466
F45A01A9-49C1-4C14-ABF7-000F9FE73069,EJ46,3.9725887222397813,1.0,15.0,45,156
FA9BE7BC-EDBB-45B6-AD57-0000B0514A41,PW-FBC,2.9900914121273585,1.0,4.99,46,259
FE53BAA7-FCA9-4BB8-B725-00123D1EB14B,DCE1030,4.600863992760918,1.0,28.99,47,467
